{"cameraMode":{"drawMode":0,"name":"Shaded","section":"Shading Mode"},"sceneLighting":false,"audioPlay":false,"sceneViewState":{"showFog":true,"showMaterialUpdate":false,"showSkybox":true,"showFlares":true,"showImageEffects":true,"showParticleSystems":true},"in2DMode":false,"pivot":{"x":6.462436199188232,"y":-0.146484375,"z":-6.161230087280273},"rotation":{"x":0.2681054174900055,"y":0.021393660455942155,"z":-0.006000152789056301,"w":0.9631535410881043},"size":721.7557983398438,"orthographic":true}